{
    "geometryBoxes": [
        {
            "pos": {
                "x": 3.3402481079101564,
                "y": -4.725782871246338,
                "z": 6.088268280029297
            },
            "size": {
                "x": 48.81803512573242,
                "y": 0.0,
                "z": 97.41425323486328
            },
            "rot": {
                "x": 7.01670955022206e-15,
                "y": 180.0,
                "z": 180.0
            }
        },
        {
            "pos": {
                "x": -6.119999885559082,
                "y": 3.4499998092651369,
                "z": -30.510000228881837
            },
            "size": {
                "x": 1.0,
                "y": 1.999999761581421,
                "z": 1.0
            },
            "rot": {
                "x": 0.0,
                "y": 0.0,
                "z": 0.0
            }
        }
    ]
}
